singaporean,0.13145441880615752
expats,0.11836322826211346
expat,0.07979664061915631
locals,0.04442771983983435
chinas,0.038914284548232675
pwm,0.03728050360339012
racist,0.026319515793757693
singaporeans,0.025998545324709986
ppl,0.025530382627727343
globalisation,0.023231458997024078
foreigners,0.02244109837634305
mncs,0.020207007877956925
oyo,0.01890382149101051
racists,0.018052712696855443
xenophobia,0.01795164739895569
mnc,0.01704607552645771
foreigner,0.01575434685609317
mindset,0.01534935481677637
malaysians,0.014709181605606058
globalization,0.014413147383776057
