singaporeans,0.17343441635055756
reddit,0.10495268616428348
google,0.0719547286108791
singaporean,0.06824908014552297
expats,0.06577020700542141
cpf,0.06302938815505857
racism,0.05080895259189766
singapore,0.04636266974097226
racist,0.04606414536687582
locals,0.03360954984729963
grads,0.03352003194799602
lol,0.024899740193587254
cannot,0.020496663856285128
xenophobia,0.019444911305676174
underemployment,0.01913005791220842
racists,0.018049633736852647
foreigners,0.01557142113779667
hire,0.013728364813254363
hiring,0.01360277088250941
chinese,0.012010308073384771
